store_id,transport_km,electricity_kwh,packaging_kg,carbon_footprint_kg
WALMART_0001,99.1,1442.21,403.27,1445.67
WALMART_0002,554.79,14106.97,290.3,4187.24
WALMART_0003,563.6,1727.6,261.21,1226.15
WALMART_0004,655.56,8578.15,153.81,2551.66
WALMART_0005,739.79,10926.85,466.56,3961.02
WALMART_0006,977.06,13193.57,204.54,3831.54
WALMART_0007,540.49,10997.22,52.68,2818.09
WALMART_0008,356.81,12224.19,312.36,3766.54
WALMART_0009,805.43,5752.3,65.78,1687.03
WALMART_0010,307.29,12407.55,179.16,3439.22
WALMART_0011,467.02,2121.61,258.63,1290.71
WALMART_0012,124.53,13527.43,438.37,4361.64
WALMART_0013,74.08,8666.29,251.84,2714.77
WALMART_0014,964.52,12442.17,354.11,4057.67
WALMART_0015,844.18,7332.46,496.48,3226.24
WALMART_0016,711.18,10010.09,74.43,2682.66
WALMART_0017,438.51,8369.64,144.62,2432.69
WALMART_0018,214.63,11242.25,203.34,3213.53
WALMART_0019,198.62,2142.82,216.7,1126.08
WALMART_0020,287.73,1844.93,211.4,1061.07
WALMART_0021,571.77,4459.45,454.73,2386.89
WALMART_0022,728.87,3233.63,359.88,1878.17
WALMART_0023,677.19,13204.97,307.87,4050.22
WALMART_0024,315.94,4069.0,161.59,1450.72
WALMART_0025,957.12,14662.11,413.66,4734.15
WALMART_0026,751.0,5716.54,477.98,2780.21
WALMART_0027,576.64,3549.65,412.39,2061.62
WALMART_0028,631.13,12055.78,10.77,2970.61
WALMART_0029,448.62,10221.91,321.84,3344.88
WALMART_0030,285.34,7974.74,35.06,2012.7
WALMART_0031,388.17,8775.09,136.23,2493.93
WALMART_0032,769.95,11068.82,39.17,2846.48
WALMART_0033,63.67,4198.37,305.86,1817.41
WALMART_0034,160.27,14948.67,346.43,4452.06
WALMART_0035,93.7,14647.1,66.1,3610.92
WALMART_0036,88.69,10104.56,198.08,2907.8
WALMART_0037,862.69,3793.59,233.56,1695.68
WALMART_0038,718.47,10523.2,190.84,3118.05
WALMART_0039,500.47,2010.78,69.3,760.72
WALMART_0040,142.94,1429.14,215.28,944.26
WALMART_0041,517.04,4607.56,378.08,2202.96
WALMART_0042,499.8,7476.72,44.79,1967.97
WALMART_0043,214.54,13155.82,49.29,3243.44
WALMART_0044,462.16,11180.37,183.84,3198.45
WALMART_0045,428.58,11397.89,471.45,4018.63
WALMART_0046,635.06,6956.91,337.6,2665.84
WALMART_0047,653.34,5843.09,342.55,2423.53
WALMART_0048,93.04,6194.54,187.34,1968.68
WALMART_0049,405.88,14827.09,300.89,4352.35
WALMART_0050,644.57,1561.53,14.96,539.59
WALMART_0051,527.98,13138.44,321.69,4040.7
WALMART_0052,863.67,9101.46,457.51,3537.29
WALMART_0053,675.76,7140.62,310.16,2643.11
WALMART_0054,204.79,11153.61,438.11,3824.69
WALMART_0055,117.04,7813.37,364.75,2829.92
WALMART_0056,660.3,13227.93,69.07,3407.26
WALMART_0057,75.19,13609.83,452.2,4407.82
WALMART_0058,606.49,6904.09,42.56,1850.93
WALMART_0059,943.22,4875.59,271.64,2067.52
WALMART_0060,596.7,9292.9,79.65,2505.61
WALMART_0061,418.76,13773.09,15.74,3339.57
WALMART_0062,661.12,3949.27,216.8,1644.38
WALMART_0063,485.34,9721.53,154.57,2784.38
WALMART_0064,568.34,9841.84,248.14,3082.48
WALMART_0065,944.39,11263.58,292.83,3613.38
WALMART_0066,416.8,2841.95,31.43,834.56
WALMART_0067,963.13,11021.55,70.27,2960.01
WALMART_0068,910.08,13726.46,283.73,4155.45
WALMART_0069,236.0,3515.56,178.15,1349.69
WALMART_0070,115.89,4325.61,367.3,2023.91
WALMART_0071,145.74,14599.53,329.62,4322.27
WALMART_0072,67.31,3533.68,424.35,1983.23
WALMART_0073,139.72,12961.39,349.32,3992.51
WALMART_0074,698.86,7891.89,220.67,2581.38
WALMART_0075,117.63,4461.24,339.75,1981.5
WALMART_0076,353.03,13190.5,144.94,3538.86
WALMART_0077,852.63,7234.27,160.09,2296.88
WALMART_0078,72.11,8207.44,396.6,2998.3
WALMART_0079,823.75,6029.27,228.75,2195.43
WALMART_0080,317.76,9301.31,401.21,3317.2
WALMART_0081,162.26,3289.33,412.99,1915.56
WALMART_0082,711.9,6475.14,430.21,2819.77
WALMART_0083,647.5,14571.77,459.15,4770.9
WALMART_0084,883.6,4613.87,221.18,1857.77
WALMART_0085,748.32,10194.31,166.24,2981.27
WALMART_0086,813.31,5552.66,295.28,2261.82
WALMART_0087,317.93,11828.62,191.87,3340.88
WALMART_0088,218.57,2832.23,304.53,1528.04
WALMART_0089,763.08,14577.49,355.74,4517.3
WALMART_0090,816.49,7353.05,347.32,2822.49
WALMART_0091,990.98,4304.71,193.53,1733.63
WALMART_0092,441.99,2028.95,91.76,813.32
WALMART_0093,403.42,3376.61,220.96,1468.06
WALMART_0094,787.59,8276.84,79.87,2309.55
WALMART_0095,373.76,5718.04,446.15,2615.4
WALMART_0096,934.22,12604.37,179.48,3617.6
WALMART_0097,865.49,7032.43,85.69,2051.67
WALMART_0098,457.54,4482.0,22.47,1201.06
WALMART_0099,763.33,9640.03,326.45,3287.84
WALMART_0100,766.82,10894.88,322.08,3569.16
WALMART_0101,147.97,3338.59,176.9,1286.6
WALMART_0102,907.43,3346.67,45.14,1092.21
WALMART_0103,529.99,1513.4,210.72,1032.86
WALMART_0104,835.13,11309.63,162.5,3249.27
WALMART_0105,354.05,10293.26,341.79,3395.51
WALMART_0106,900.75,7644.83,306.83,2798.84
WALMART_0107,419.74,12818.39,188.65,3584.19
WALMART_0108,60.3,12279.38,116.77,3189.04
WALMART_0109,910.11,9194.96,494.14,3667.73
WALMART_0110,136.72,13155.8,232.46,3721.65
WALMART_0111,353.35,3881.78,347.25,1916.23
WALMART_0112,952.56,2566.87,78.87,1011.07
WALMART_0113,953.08,4776.49,247.94,1982.51
WALMART_0114,594.77,1799.22,23.49,607.54
WALMART_0115,650.25,8436.37,257.67,2797.94
WALMART_0116,476.02,14112.48,482.37,4690.57
WALMART_0117,328.55,1550.81,198.26,965.64
WALMART_0118,362.23,2709.54,29.11,785.99
WALMART_0119,688.89,7330.79,25.17,1920.7
WALMART_0120,764.76,14074.25,200.11,3980.2
WALMART_0121,802.0,5426.19,88.41,1671.43
WALMART_0122,800.14,8101.29,21.44,2113.52
WALMART_0123,136.65,1582.02,380.54,1424.77
WALMART_0124,519.7,3076.8,234.68,1459.67
WALMART_0125,104.68,14812.82,151.73,3883.04
WALMART_0126,572.05,14511.66,451.04,4719.16
WALMART_0127,469.45,1069.16,66.91,528.36
WALMART_0128,893.32,14325.36,478.4,4817.09
WALMART_0129,383.37,9947.68,163.84,2840.69
WALMART_0130,161.21,13150.86,445.32,4300.37
WALMART_0131,185.84,7366.36,305.44,2580.08
WALMART_0132,773.44,8218.34,415.09,3198.04
WALMART_0133,637.31,7843.85,492.17,3290.31
WALMART_0134,146.07,10336.1,151.32,2847.55
WALMART_0135,129.9,2955.12,480.96,2014.41
WALMART_0136,715.92,1419.63,200.85,1023.41
WALMART_0137,119.12,5311.02,198.9,1799.51
WALMART_0138,830.77,10865.53,176.79,3183.46
WALMART_0139,720.93,3825.95,275.29,1786.12
WALMART_0140,127.28,10428.05,85.53,2687.4
WALMART_0141,130.6,14578.77,281.32,4183.84
WALMART_0142,987.31,2314.61,275.44,1490.33
WALMART_0143,405.56,10416.43,383.33,3547.19
WALMART_0144,402.11,7212.5,418.49,2894.88
WALMART_0145,822.16,13153.99,225.82,3847.25
WALMART_0146,949.89,3480.1,158.14,1437.32
WALMART_0147,986.7,10696.76,137.07,3069.64
WALMART_0148,765.71,12733.61,105.37,3412.23
WALMART_0149,407.45,14224.6,38.25,3503.17
WALMART_0150,129.33,10565.47,177.8,2968.97
WALMART_0151,788.29,7960.45,142.42,2404.86
WALMART_0152,580.48,9649.86,483.54,3675.88
WALMART_0153,453.01,13164.67,283.28,3927.36
WALMART_0154,911.04,8988.54,180.17,2772.11
WALMART_0155,155.64,1425.42,294.43,1159.77
WALMART_0156,517.99,14033.28,78.21,3589.7
WALMART_0157,60.79,10653.37,227.58,3109.47
WALMART_0158,495.23,10471.19,316.85,3399.28
WALMART_0159,103.49,4019.45,249.56,1632.08
WALMART_0160,162.88,10224.4,206.87,2975.04
WALMART_0161,161.65,6514.1,496.99,2893.6
WALMART_0162,666.75,10117.26,441.35,3688.98
WALMART_0163,758.74,2492.3,315.47,1591.81
WALMART_0164,604.2,10209.83,288.99,3286.05
WALMART_0165,964.06,14991.79,314.12,4543.66
WALMART_0166,406.13,1674.97,108.64,768.88
WALMART_0167,321.43,14680.44,203.62,4037.82
WALMART_0168,875.17,6696.71,29.34,1823.34
WALMART_0169,262.42,13190.55,243.02,3784.66
WALMART_0170,965.06,11953.4,276.08,3733.22
WALMART_0171,61.55,8938.23,121.6,2423.85
WALMART_0172,971.38,11338.29,482.37,4148.21
WALMART_0173,91.0,13299.22,455.63,4348.03
WALMART_0174,896.59,6657.96,363.85,2721.98
WALMART_0175,551.32,5578.46,271.36,2148.23
WALMART_0176,993.32,10346.31,436.28,3797.24
WALMART_0177,120.11,12309.84,74.02,3093.27
WALMART_0178,576.16,11671.99,397.35,3913.41
WALMART_0179,970.84,12169.39,71.16,3231.48
WALMART_0180,546.94,7098.17,399.16,2846.46
WALMART_0181,647.93,12449.68,145.13,3428.69
WALMART_0182,710.96,2682.93,439.77,1961.8
WALMART_0183,481.81,8622.85,472.58,3386.27
WALMART_0184,646.18,1080.62,82.91,611.34
WALMART_0185,605.1,5544.2,236.71,2057.99
WALMART_0186,906.1,6130.46,490.68,2943.51
WALMART_0187,93.17,6546.42,246.87,2211.43
WALMART_0188,316.92,10736.54,433.14,3737.65
WALMART_0189,952.89,6439.81,298.48,2506.48
WALMART_0190,895.75,7281.71,193.91,2408.3
WALMART_0191,482.87,4325.62,150.03,1514.35
WALMART_0192,639.13,6225.53,109.58,1880.63
WALMART_0193,313.51,4181.77,383.28,2075.05
WALMART_0194,228.72,2024.74,199.4,1058.18
WALMART_0195,490.51,9448.28,260.52,3007.86
WALMART_0196,385.68,10354.98,251.24,3172.05
WALMART_0197,604.47,9672.86,292.87,3171.46
WALMART_0198,123.85,7488.92,434.13,2943.08
WALMART_0199,975.68,6317.0,490.56,3001.27
WALMART_0200,986.9,13086.67,209.72,3822.69
WALMART_0201,713.25,8267.14,415.48,3197.82
WALMART_0202,559.29,7708.55,384.62,2952.02
WALMART_0203,344.05,1358.99,291.03,1174.68
WALMART_0204,823.11,5777.47,478.46,2810.85
WALMART_0205,700.49,6322.74,108.23,1912.52
WALMART_0206,204.49,6583.52,63.54,1748.46
WALMART_0207,915.38,9122.41,428.44,3474.54
WALMART_0208,831.41,8470.44,225.18,2756.19
WALMART_0209,952.31,9510.67,425.01,3563.5
WALMART_0210,739.43,11708.37,447.61,4091.88
WALMART_0211,632.74,12381.8,40.6,3127.45
WALMART_0212,447.33,11053.72,442.9,3865.29
WALMART_0213,936.09,14377.33,229.68,4166.63
WALMART_0214,872.76,1255.26,260.11,1178.05
WALMART_0215,92.96,3740.89,317.03,1747.13
WALMART_0216,75.05,1105.88,463.93,1526.04
WALMART_0217,407.64,10064.65,19.37,2482.97
WALMART_0218,820.03,13572.43,243.65,3992.44
WALMART_0219,987.91,4408.75,346.98,2171.55
WALMART_0220,192.9,13978.48,364.13,4280.65
WALMART_0221,614.42,1843.74,349.34,1501.84
WALMART_0222,411.85,14082.1,75.87,3572.47
WALMART_0223,971.42,5922.72,156.7,2007.08
WALMART_0224,850.01,2419.89,185.77,1243.92
WALMART_0225,846.41,7802.2,404.17,3086.92
WALMART_0226,495.26,4594.87,146.59,1570.4
WALMART_0227,444.08,4988.22,113.25,1561.29
WALMART_0228,309.74,5302.06,479.15,2594.13
WALMART_0229,103.56,12242.36,14.34,2912.94
WALMART_0230,871.49,8548.26,498.93,3521.87
WALMART_0231,822.26,5358.31,341.64,2343.59
WALMART_0232,999.73,9544.67,415.95,3556.92
WALMART_0233,996.8,11026.11,154.36,3195.18
WALMART_0234,577.66,4816.74,17.01,1289.54
WALMART_0235,780.54,6789.69,371.56,2749.12
WALMART_0236,947.53,2706.41,418.73,1960.15
WALMART_0237,857.17,3536.09,372.83,2010.56
WALMART_0238,284.98,10535.65,80.0,2730.65
WALMART_0239,478.02,3540.14,379.18,1949.02
WALMART_0240,172.7,8352.29,386.77,3026.63
WALMART_0241,956.35,10926.65,332.68,3644.98
WALMART_0242,625.87,2496.28,385.4,1753.65
WALMART_0243,267.21,8942.37,424.5,3285.84
WALMART_0244,688.12,4591.88,310.67,2053.22
WALMART_0245,637.22,14480.98,53.42,3652.12
WALMART_0246,390.25,7769.64,248.94,2564.42
WALMART_0247,157.88,12283.9,48.05,3025.04
WALMART_0248,687.99,8703.17,209.7,2738.51
WALMART_0249,544.29,1607.78,209.48,1054.51
WALMART_0250,783.7,9864.12,42.34,2577.23
WALMART_0251,544.16,14319.65,180.92,3939.24
WALMART_0252,859.57,9422.57,64.39,2549.82
WALMART_0253,574.31,12468.64,406.04,4122.11
WALMART_0254,582.89,13378.89,474.37,4520.49
WALMART_0255,882.82,4193.12,45.44,1285.08
WALMART_0256,433.31,3968.63,478.01,2306.31
WALMART_0257,177.31,9553.73,266.06,2981.62
WALMART_0258,77.34,6754.4,156.79,2013.35
WALMART_0259,767.38,12758.06,47.66,3262.46
WALMART_0260,639.29,13600.32,255.31,3992.46
WALMART_0261,718.88,5947.9,399.31,2614.96
WALMART_0262,252.32,4316.19,356.47,2021.13
WALMART_0263,179.55,11927.36,34.61,2910.23
WALMART_0264,63.82,4847.28,45.72,1266.26
WALMART_0265,383.06,12516.6,207.41,3556.82
WALMART_0266,610.42,6932.34,154.69,2161.09
WALMART_0267,422.63,10345.7,123.87,2833.75
WALMART_0268,465.6,2337.49,147.69,1041.17
WALMART_0269,908.95,9734.03,403.71,3548.93
WALMART_0270,380.84,7324.75,465.32,3043.01
WALMART_0271,538.29,9212.52,208.5,2822.51
WALMART_0272,794.47,3352.2,453.99,2173.67
WALMART_0273,426.72,11316.23,167.53,3178.62
WALMART_0274,640.98,13079.16,243.45,3839.37
WALMART_0275,869.25,4034.36,120.75,1448.57
WALMART_0276,952.04,2340.0,323.83,1619.49
WALMART_0277,189.72,1330.94,489.7,1672.14
WALMART_0278,930.26,9987.6,305.71,3347.88
WALMART_0279,517.51,9499.32,185.33,2822.41
WALMART_0280,295.33,8653.76,327.43,2962.41
WALMART_0281,486.18,4247.26,70.23,1281.33
WALMART_0282,981.03,6472.68,445.44,2916.84
WALMART_0283,517.99,9322.67,256.51,2973.54
WALMART_0284,362.31,7954.74,230.18,2551.03
WALMART_0285,651.73,14829.0,297.07,4394.11
WALMART_0286,278.14,2910.16,316.14,1590.05
WALMART_0287,122.07,10732.02,45.17,2648.15
WALMART_0288,172.44,6660.46,344.48,2518.2
WALMART_0289,171.64,6994.79,128.55,2012.92
WALMART_0290,194.31,11046.37,359.84,3586.18
WALMART_0291,181.89,10694.11,413.04,3645.13
WALMART_0292,658.83,14877.58,403.94,4695.47
WALMART_0293,222.79,2797.52,280.73,1456.58
WALMART_0294,378.38,2457.54,264.88,1367.24
WALMART_0295,901.95,11140.74,80.01,3001.23
WALMART_0296,500.26,9097.42,389.92,3277.54
WALMART_0297,684.18,4838.25,142.99,1657.06
WALMART_0298,213.7,2111.87,253.38,1221.07
WALMART_0299,232.67,2199.22,149.29,964.36
WALMART_0300,88.83,13518.67,75.58,3372.57
WALMART_0301,210.49,3686.14,318.48,1762.97
WALMART_0302,314.66,5527.2,36.62,1452.79
WALMART_0303,218.16,4173.19,376.84,2035.63
WALMART_0304,134.27,5969.95,165.62,1866.37
WALMART_0305,164.6,1971.93,10.07,521.21
WALMART_0306,487.74,8266.84,260.45,2731.81
WALMART_0307,246.02,1946.58,32.96,594.21
WALMART_0308,396.06,12204.99,145.32,3319.3
WALMART_0309,528.25,4271.97,356.42,2068.64
WALMART_0310,705.88,8560.17,40.72,2252.7
WALMART_0311,87.35,13321.11,421.28,4259.62
WALMART_0312,809.44,10112.28,11.87,2558.19
WALMART_0313,646.51,8461.41,130.94,2460.81
WALMART_0314,127.67,5540.67,373.04,2324.99
WALMART_0315,879.9,5662.03,164.97,1949.45
WALMART_0316,924.83,10372.82,59.93,2772.89
WALMART_0317,108.02,14917.95,186.51,4002.14
WALMART_0318,313.03,10265.75,142.49,2842.38
WALMART_0319,815.89,8808.97,422.93,3365.74
WALMART_0320,760.85,11229.11,163.54,3217.72
WALMART_0321,225.29,7512.88,396.58,2868.58
WALMART_0322,248.88,1841.99,447.02,1688.4
WALMART_0323,401.95,8872.16,222.57,2752.56
WALMART_0324,510.3,14406.75,455.87,4694.78
WALMART_0325,637.34,3454.24,194.89,1464.88
WALMART_0326,400.47,10660.07,482.4,3870.38
WALMART_0327,489.41,3813.07,53.75,1136.35
WALMART_0328,760.1,8501.59,346.64,3076.42
WALMART_0329,84.85,2353.47,251.97,1246.5
WALMART_0330,289.82,7305.19,199.95,2302.84
WALMART_0331,727.68,11586.29,320.03,3716.5
WALMART_0332,900.45,5866.0,354.89,2514.08
WALMART_0333,536.09,10308.76,12.14,2547.3
WALMART_0334,555.51,12136.3,91.81,3192.3
WALMART_0335,151.81,13980.49,359.39,4259.69
WALMART_0336,475.04,4284.99,336.53,2006.79
WALMART_0337,555.99,6590.42,483.36,2957.4
WALMART_0338,280.35,3133.82,382.91,1822.91
WALMART_0339,305.78,14894.77,475.88,4819.57
WALMART_0340,408.42,13978.01,354.24,4299.09
WALMART_0341,69.07,8559.4,156.05,2430.18
WALMART_0342,355.98,12788.47,61.63,3220.87
WALMART_0343,250.88,8293.41,393.09,3046.39
WALMART_0344,361.12,9730.2,325.63,3222.17
WALMART_0345,163.77,2247.74,33.61,648.86
WALMART_0346,896.0,11573.79,186.42,3388.19
WALMART_0347,613.91,2787.99,478.83,2071.36
WALMART_0348,695.15,12564.95,255.2,3762.65
WALMART_0349,799.71,11948.39,222.04,3551.42
WALMART_0350,523.52,10922.43,234.27,3287.39
WALMART_0351,132.57,1506.25,112.35,682.14
WALMART_0352,560.25,5243.8,190.67,1854.27
WALMART_0353,607.5,4683.58,191.21,1735.12
WALMART_0354,758.17,6041.91,35.65,1663.24
WALMART_0355,460.08,2227.0,386.11,1658.0
WALMART_0356,171.2,14117.41,214.09,3903.35
WALMART_0357,319.59,8753.23,412.87,3221.37
WALMART_0358,394.93,5277.34,426.67,2464.56
WALMART_0359,663.62,6557.74,113.88,1974.79
WALMART_0360,592.24,7260.84,332.1,2712.82
WALMART_0361,388.29,9408.32,241.42,2925.51
WALMART_0362,987.19,8219.51,441.28,3313.91
WALMART_0363,625.49,13871.49,115.71,3675.83
WALMART_0364,275.37,7957.49,342.13,2835.67
WALMART_0365,146.69,14890.21,307.8,4331.28
WALMART_0366,195.22,12919.95,154.7,3469.03
WALMART_0367,283.66,3919.15,76.93,1180.44
WALMART_0368,202.65,14028.33,329.3,4200.27
WALMART_0369,227.24,2629.13,371.91,1664.46
WALMART_0370,320.84,12444.3,164.66,3411.48
WALMART_0371,214.7,6328.73,325.97,2399.8
WALMART_0372,901.93,13291.64,203.61,3836.1
WALMART_0373,126.22,13152.79,359.47,4061.68
WALMART_0374,548.29,12282.96,107.62,3267.64
WALMART_0375,439.88,12060.43,446.21,4107.22
WALMART_0376,983.26,5265.51,150.83,1840.59
WALMART_0377,156.44,2132.87,190.22,1043.41
WALMART_0378,427.96,6641.72,38.47,1741.26
WALMART_0379,971.0,3429.34,64.64,1177.47
WALMART_0380,872.23,10729.32,262.77,3392.58
WALMART_0381,826.22,5845.4,141.12,1916.51
WALMART_0382,295.01,14658.54,419.39,4609.74
WALMART_0383,212.34,9973.61,17.2,2414.88
WALMART_0384,685.21,12514.73,195.76,3588.38
WALMART_0385,932.91,2855.35,175.3,1334.52
WALMART_0386,578.92,13068.2,19.47,3219.03
WALMART_0387,593.03,13918.6,70.94,3559.11
WALMART_0388,315.98,7818.87,212.68,2462.39
WALMART_0389,781.02,9487.54,251.5,3053.66
WALMART_0390,227.69,11707.34,208.1,3337.5
WALMART_0391,357.5,3447.74,270.16,1607.83
WALMART_0392,454.16,8035.93,301.61,2782.09
WALMART_0393,532.23,6581.28,14.86,1685.33
WALMART_0394,280.29,3049.24,237.41,1410.34
WALMART_0395,159.09,6145.48,482.11,2767.0
WALMART_0396,630.09,1954.41,264.33,1301.39
WALMART_0397,324.2,1361.37,342.0,1308.68
WALMART_0398,602.18,2892.33,162.81,1239.96
WALMART_0399,196.64,14483.61,389.26,4466.98
WALMART_0400,507.08,8693.41,388.73,3181.62
WALMART_0401,555.96,14521.51,265.44,4216.95
WALMART_0402,99.23,7054.97,488.25,2982.92
WALMART_0403,369.77,5365.43,71.52,1520.9
WALMART_0404,177.69,8085.99,18.3,1970.76
WALMART_0405,110.21,7153.16,387.38,2735.76
WALMART_0406,990.46,2479.31,405.51,1880.55
WALMART_0407,356.24,9971.57,68.9,2584.22
WALMART_0408,819.38,4024.53,140.14,1488.16
WALMART_0409,291.91,9674.23,18.6,2365.62
WALMART_0410,697.43,10102.82,153.72,2915.46
WALMART_0411,772.22,3128.35,388.84,1940.94
WALMART_0412,615.86,1858.89,263.8,1274.71
WALMART_0413,498.0,11930.66,180.57,3371.96
WALMART_0414,441.25,7437.21,192.15,2344.34
WALMART_0415,381.42,1814.29,10.66,531.61
WALMART_0416,933.05,14928.13,156.9,4097.82
WALMART_0417,839.09,1808.93,326.76,1479.94
WALMART_0418,966.78,10730.49,487.36,4019.1
WALMART_0419,168.08,14771.5,425.06,4624.72
WALMART_0420,744.32,4348.52,21.56,1227.72
WALMART_0421,941.42,2991.49,450.29,2110.5
WALMART_0422,222.17,2699.39,393.77,1738.79
WALMART_0423,113.17,5245.85,392.38,2305.47
WALMART_0424,754.06,2414.64,234.42,1353.9
WALMART_0425,595.75,10690.26,205.02,3169.49
WALMART_0426,849.74,1872.09,158.43,1042.4
WALMART_0427,182.78,8131.91,42.19,2047.03
WALMART_0428,805.5,14953.76,121.84,3982.35
WALMART_0429,241.55,12395.58,130.84,3292.16
WALMART_0430,205.47,9613.07,247.2,2950.43
WALMART_0431,206.05,5287.55,376.25,2291.14
WALMART_0432,823.85,9734.54,242.17,3095.02
WALMART_0433,681.94,8378.58,38.34,2198.93
WALMART_0434,546.91,6965.17,479.32,3031.9
WALMART_0435,390.89,2829.95,471.93,2015.68
WALMART_0436,883.34,13412.46,394.74,4376.4
WALMART_0437,422.82,7296.99,495.75,3127.52
WALMART_0438,825.77,3724.72,276.8,1788.63
WALMART_0439,467.18,6148.63,481.76,2831.49
WALMART_0440,408.1,6797.82,47.05,1796.63
WALMART_0441,489.55,12585.53,189.18,3546.02
WALMART_0442,336.31,11270.6,120.44,3021.86
WALMART_0443,760.23,11770.27,105.96,3188.21
WALMART_0444,527.58,1154.44,78.99,593.05
WALMART_0445,270.6,6826.16,314.98,2497.77
WALMART_0446,904.6,7738.82,392.85,3053.81
WALMART_0447,414.7,1268.69,293.37,1174.79
WALMART_0448,566.38,4637.38,82.01,1420.88
WALMART_0449,911.15,11644.06,407.45,4004.52
WALMART_0450,643.03,2919.54,321.62,1683.66
WALMART_0451,161.05,8494.34,200.2,2553.54
WALMART_0452,942.84,4012.83,340.32,2051.85
WALMART_0453,646.32,1169.69,137.35,779.11
WALMART_0454,368.16,4376.82,179.14,1580.79
WALMART_0455,182.31,14662.23,459.57,4695.42
WALMART_0456,804.32,12221.52,152.35,3427.87
WALMART_0457,639.07,14434.07,240.29,4146.13
WALMART_0458,556.79,7829.96,446.17,3145.97
WALMART_0459,899.2,2536.31,356.78,1743.1
WALMART_0460,799.17,8671.43,40.48,2297.56
WALMART_0461,194.09,7361.28,82.18,1977.82
WALMART_0462,346.14,12821.0,13.84,3097.35
WALMART_0463,286.06,2373.16,319.15,1474.72
WALMART_0464,756.75,7835.38,229.36,2603.83
WALMART_0465,81.86,3100.68,75.79,944.28
WALMART_0466,591.4,5545.46,479.39,2710.64
WALMART_0467,774.34,11323.0,269.53,3528.6
WALMART_0468,882.93,7664.25,128.53,2318.22
WALMART_0469,374.98,6262.44,255.3,2227.2
WALMART_0470,830.19,6522.67,343.01,2620.25
WALMART_0471,155.1,7432.25,47.36,1892.16
WALMART_0472,854.13,11990.23,144.6,3363.51
WALMART_0473,171.11,13489.19,405.41,4273.52
WALMART_0474,427.42,14374.69,235.24,4074.21
WALMART_0475,807.43,12016.65,277.82,3719.55
WALMART_0476,192.42,5415.7,222.08,1901.88
WALMART_0477,267.79,10633.89,31.51,2619.01
WALMART_0478,736.14,7126.44,91.22,2061.34
WALMART_0479,734.03,4565.39,228.32,1834.35
WALMART_0480,659.09,12772.2,112.5,3418.08
WALMART_0481,709.25,1537.97,34.49,600.41
WALMART_0482,565.59,13624.67,423.39,4436.48
WALMART_0483,289.21,7460.68,490.78,3124.18
WALMART_0484,378.41,9920.82,398.64,3467.35
WALMART_0485,222.52,10230.95,428.35,3587.09
WALMART_0486,913.03,13531.65,128.57,3691.75
WALMART_0487,604.22,9913.38,480.71,3734.62
WALMART_0488,430.81,9595.07,106.49,2613.64
WALMART_0489,488.91,1933.13,476.2,1838.83
WALMART_0490,949.92,8257.71,497.46,3466.67
WALMART_0491,195.68,3102.37,358.74,1732.54
WALMART_0492,606.92,11324.07,490.76,4091.01
WALMART_0493,530.59,8171.11,289.07,2795.78
WALMART_0494,630.88,10523.19,137.18,2954.77
WALMART_0495,67.2,1583.42,224.13,988.2
WALMART_0496,878.52,2187.09,300.84,1506.35
WALMART_0497,935.51,11028.53,45.81,2889.79
WALMART_0498,586.88,2009.18,314.95,1441.75
WALMART_0499,711.82,1997.59,490.78,1940.03
WALMART_0500,926.37,1169.52,103.15,745.54
WALMART_0501,721.88,14391.02,398.37,4580.3
WALMART_0502,194.91,11325.12,454.87,3907.83
WALMART_0503,597.47,5945.52,472.41,2786.28
WALMART_0504,626.38,5151.5,480.47,2629.11
WALMART_0505,452.92,5895.85,265.52,2185.75
WALMART_0506,749.62,11845.15,488.88,4237.32
WALMART_0507,937.65,10259.19,381.08,3616.21
WALMART_0508,929.29,3592.74,89.22,1273.15
WALMART_0509,478.3,3437.53,243.68,1559.32
WALMART_0510,157.58,2377.54,361.98,1564.4
WALMART_0511,985.6,10244.24,131.2,2948.12
WALMART_0512,846.95,11701.22,323.9,3778.77
WALMART_0513,168.43,4710.65,336.63,2041.85
WALMART_0514,924.8,1293.23,89.72,737.77
WALMART_0515,876.4,2150.4,286.89,1459.69
WALMART_0516,542.9,14550.04,388.1,4552.04
WALMART_0517,611.71,5136.23,254.46,2012.24
WALMART_0518,429.05,11769.12,15.93,2875.32
WALMART_0519,102.02,9745.29,14.43,2331.04
WALMART_0520,368.44,6347.15,184.94,2055.6
WALMART_0521,812.71,3879.62,463.84,2326.99
WALMART_0522,54.4,2699.41,122.05,969.92
WALMART_0523,366.82,9610.18,320.84,3182.47
WALMART_0524,428.26,11844.87,118.82,3170.6
WALMART_0525,560.53,10014.66,167.62,2903.7
WALMART_0526,923.86,8424.23,425.54,3305.81
WALMART_0527,379.03,1587.32,367.14,1440.72
WALMART_0528,379.61,14558.84,56.75,3625.15
WALMART_0529,750.63,12182.0,220.06,3590.2
WALMART_0530,479.61,5099.51,24.29,1354.49
WALMART_0531,263.37,14719.58,245.64,4148.2
WALMART_0532,479.82,9426.34,334.59,3200.49
WALMART_0533,183.81,9153.92,68.07,2355.25
WALMART_0534,217.57,11473.02,151.55,3128.09
WALMART_0535,523.45,12364.78,204.94,3544.26
WALMART_0536,447.98,10190.7,460.57,3712.05
WALMART_0537,919.1,2793.34,496.69,2184.92
WALMART_0538,394.27,5735.75,32.01,1505.65
WALMART_0539,601.56,13993.17,382.89,4420.54
WALMART_0540,650.65,4144.62,192.14,1621.11
WALMART_0541,62.44,6210.34,202.3,2006.33
WALMART_0542,680.36,7049.08,379.59,2810.2
WALMART_0543,219.13,7151.67,460.03,2954.44
WALMART_0544,963.02,9581.15,475.96,3719.73
WALMART_0545,191.23,14203.06,292.79,4140.0
WALMART_0546,443.89,4369.7,184.99,1610.83
WALMART_0547,131.08,2701.02,395.9,1725.79
WALMART_0548,997.03,3764.59,132.99,1445.6
WALMART_0549,527.09,13416.95,286.4,4010.12
WALMART_0550,615.62,10041.35,185.7,2970.3
WALMART_0551,113.72,5002.7,331.75,2085.24
WALMART_0552,762.46,12423.26,127.8,3399.8
WALMART_0553,249.41,13059.18,103.88,3375.64
WALMART_0554,903.15,12851.2,459.94,4425.83
WALMART_0555,244.88,13864.97,59.88,3443.64
WALMART_0556,231.15,4531.37,257.92,1800.73
WALMART_0557,84.72,11570.59,118.22,3032.93
WALMART_0558,498.46,7447.55,29.08,1918.47
WALMART_0559,586.6,12787.98,27.65,3177.44
WALMART_0560,112.42,11198.87,95.86,2891.77
WALMART_0561,786.75,11870.26,434.72,4104.73
WALMART_0562,480.62,10186.27,148.41,2875.04
WALMART_0563,548.17,3484.0,475.72,2211.33
WALMART_0564,468.72,8630.38,294.99,2905.78
WALMART_0565,430.72,14785.38,223.94,4140.08
WALMART_0566,581.66,14123.43,294.24,4207.36
WALMART_0567,197.48,1604.43,263.18,1125.89
WALMART_0568,222.83,3307.41,381.8,1848.28
WALMART_0569,868.7,2844.2,148.42,1245.86
WALMART_0570,948.81,11163.72,182.99,3294.47
WALMART_0571,404.64,12448.99,448.11,4195.49
WALMART_0572,307.21,3989.16,473.76,2273.14
WALMART_0573,661.8,8081.94,447.35,3229.92
WALMART_0574,438.3,12769.84,215.53,3649.35
WALMART_0575,74.12,11259.22,392.38,3698.39
WALMART_0576,198.34,8591.32,243.4,2700.61
WALMART_0577,730.17,9264.87,253.79,2997.28
WALMART_0578,675.98,8117.05,110.29,2331.01
WALMART_0579,75.74,5165.68,299.65,2028.56
WALMART_0580,260.87,8910.31,101.21,2404.15
WALMART_0581,269.52,10644.39,172.47,3002.41
WALMART_0582,688.3,13226.52,428.96,4384.51
WALMART_0583,68.73,9908.08,111.47,2623.98
WALMART_0584,148.9,11655.7,44.87,2868.2
WALMART_0585,809.92,3241.0,43.81,1043.52
WALMART_0586,219.62,7461.8,470.98,3056.37
WALMART_0587,670.11,1130.64,258.39,1101.82
WALMART_0588,276.27,4453.5,210.61,1664.33
WALMART_0589,144.47,11170.46,407.33,3732.85
WALMART_0590,281.01,14885.34,419.55,4660.08
WALMART_0591,736.15,2388.49,172.77,1177.59
WALMART_0592,862.91,6620.92,349.87,2668.53
WALMART_0593,838.71,12200.99,387.85,4066.15
WALMART_0594,427.32,3856.5,330.78,1881.41
WALMART_0595,684.68,8771.19,84.28,2415.03
WALMART_0596,244.74,11263.0,439.18,3861.46
WALMART_0597,328.49,9623.8,274.16,3051.56
WALMART_0598,901.52,3632.35,148.41,1436.36
WALMART_0599,62.35,5975.38,218.36,1994.93
WALMART_0600,131.23,11973.08,28.41,2893.99
WALMART_0601,247.49,8759.17,72.65,2289.01
WALMART_0602,75.21,1073.21,385.12,1305.68
WALMART_0603,222.36,11653.87,10.01,2789.07
WALMART_0604,603.89,1494.36,214.12,1053.13
WALMART_0605,450.35,11440.27,266.03,3478.44
WALMART_0606,898.04,3834.73,36.77,1181.36
WALMART_0607,826.57,14413.03,486.81,4846.2
WALMART_0608,374.73,6151.17,120.8,1838.08
WALMART_0609,296.45,5577.04,159.06,1791.17
WALMART_0610,410.71,3084.43,158.93,1234.03
WALMART_0611,610.78,5278.46,122.9,1689.97
WALMART_0612,304.66,13273.11,10.72,3185.56
WALMART_0613,642.94,14948.68,367.38,4609.99
WALMART_0614,438.94,6156.33,483.75,2832.73
WALMART_0615,574.44,7280.55,119.9,2140.73
WALMART_0616,464.32,11108.99,334.89,3590.1
WALMART_0617,329.74,13406.74,373.53,4201.55
WALMART_0618,951.03,9302.62,425.73,3516.7
WALMART_0619,775.43,6481.36,217.09,2259.14
WALMART_0620,183.11,6776.71,158.44,2045.21
WALMART_0621,875.04,10738.65,169.39,3143.22
WALMART_0622,513.06,1045.06,359.18,1321.03
WALMART_0623,899.82,9674.25,410.22,3550.66
WALMART_0624,809.86,5976.9,98.99,1829.96
WALMART_0625,453.95,12118.76,191.76,3436.75
WALMART_0626,71.35,2301.87,451.95,1771.58
WALMART_0627,305.24,9234.83,405.28,3310.07
WALMART_0628,564.55,7733.62,492.58,3250.45
WALMART_0629,651.8,9992.56,379.58,3490.01
WALMART_0630,294.99,1907.95,202.67,1053.71
WALMART_0631,182.39,9119.77,299.41,2971.62
WALMART_0632,843.18,8860.78,333.9,3143.16
WALMART_0633,985.18,8849.24,48.44,2399.55
WALMART_0634,549.41,9448.83,276.8,3064.31
WALMART_0635,213.1,10470.55,357.57,3449.83
WALMART_0636,308.69,12269.85,91.99,3172.07
WALMART_0637,67.47,4777.49,392.51,2187.1
WALMART_0638,918.58,12550.69,296.05,3916.55
WALMART_0639,161.86,7975.58,476.59,3179.09
WALMART_0640,597.69,2078.82,30.79,693.01
WALMART_0641,310.35,1819.71,140.01,867.19
WALMART_0642,576.47,5679.34,304.76,2267.2
WALMART_0643,668.85,11988.56,155.31,3353.13
WALMART_0644,838.25,10907.53,360.07,3689.68
WALMART_0645,246.1,12040.61,381.91,3888.3
WALMART_0646,60.45,8241.77,60.23,2095.65
WALMART_0647,180.04,7162.79,261.79,2413.57
WALMART_0648,905.02,3064.34,259.36,1604.32
WALMART_0649,880.2,5594.7,190.95,2003.97
WALMART_0650,617.54,7076.27,467.13,3039.71
WALMART_0651,620.49,2240.41,415.48,1774.11
WALMART_0652,681.78,4088.57,351.63,2045.21
WALMART_0653,216.6,9375.15,360.02,3201.95
WALMART_0654,918.69,11299.28,236.24,3463.51
WALMART_0655,447.83,14976.87,461.29,4829.14
WALMART_0656,413.98,14063.59,350.35,4309.7
WALMART_0657,542.97,9995.91,367.2,3434.51
WALMART_0658,94.62,6897.47,432.23,2794.0
WALMART_0659,207.97,9906.48,144.3,2741.49
WALMART_0660,751.13,11999.12,405.46,4048.27
WALMART_0661,128.66,2656.71,105.67,931.34
WALMART_0662,622.99,6738.67,179.22,2184.83
WALMART_0663,283.08,12757.23,174.45,3502.9
WALMART_0664,419.83,6373.66,489.48,2894.82
WALMART_0665,324.26,9006.21,429.7,3326.73
WALMART_0666,387.89,9228.77,353.57,3186.4
WALMART_0667,733.09,3582.67,366.26,1977.61
WALMART_0668,332.27,6071.3,285.42,2255.02
WALMART_0669,588.08,5683.16,474.07,2727.66
WALMART_0670,502.25,1366.75,253.17,1107.48
WALMART_0671,680.49,1338.68,196.45,985.23
WALMART_0672,939.99,12643.76,89.89,3386.1
WALMART_0673,745.94,4822.99,395.24,2347.55
WALMART_0674,254.19,8253.1,369.88,2975.03
WALMART_0675,79.62,5182.16,198.33,1759.65
WALMART_0676,299.15,14169.51,22.34,3424.64
WALMART_0677,615.32,4630.15,421.11,2345.04
WALMART_0678,98.85,7015.2,15.59,1697.39
WALMART_0679,521.55,13218.22,354.81,4147.36
WALMART_0680,617.0,12787.07,485.43,4419.62
WALMART_0681,367.53,3605.42,224.45,1523.26
WALMART_0682,782.37,12237.01,125.14,3353.4
WALMART_0683,151.27,7414.62,355.39,2718.93
WALMART_0684,121.38,7761.56,410.39,2941.99
WALMART_0685,741.78,2868.72,277.75,1574.11
WALMART_0686,520.72,2128.42,483.85,1911.67
WALMART_0687,703.98,11191.15,35.32,2850.74
WALMART_0688,463.09,7950.46,257.35,2644.55
WALMART_0689,284.08,7115.91,362.04,2695.17
WALMART_0690,828.15,11213.12,432.69,3954.83
WALMART_0691,809.45,11717.18,97.84,3164.26
WALMART_0692,709.96,3224.71,402.0,1985.85
WALMART_0693,308.54,9543.15,280.83,3046.59
WALMART_0694,610.72,2894.96,204.31,1354.41
WALMART_0695,392.93,11519.25,74.54,2967.76
WALMART_0696,137.0,10197.37,433.99,3576.53
WALMART_0697,921.45,14392.6,87.06,3782.04
WALMART_0698,179.98,1965.41,161.8,932.6
WALMART_0699,952.73,1798.77,152.12,1029.91
WALMART_0700,473.71,4950.62,436.99,2432.85
WALMART_0701,225.88,4663.88,339.62,2051.09
WALMART_0702,564.81,4457.7,400.37,2238.25
WALMART_0703,879.3,13687.56,132.73,3732.23
WALMART_0704,745.61,4493.65,316.19,2057.31
WALMART_0705,816.23,4807.3,290.16,2074.94
WALMART_0706,675.84,11631.58,418.09,3980.93
WALMART_0707,707.66,7296.36,453.98,3074.41
WALMART_0708,856.74,11873.95,15.96,2989.64
WALMART_0709,287.18,1915.13,340.27,1425.26
WALMART_0710,514.95,7826.0,35.4,2027.18
WALMART_0711,260.15,1470.59,278.94,1150.42
WALMART_0712,988.28,1877.14,150.94,1052.45
WALMART_0713,946.86,13690.12,160.32,3821.5
WALMART_0714,87.46,2949.44,182.95,1199.55
WALMART_0715,720.3,8453.89,314.43,2969.98
WALMART_0716,928.99,6755.34,173.68,2238.02
WALMART_0717,221.55,5862.81,369.02,2408.91
WALMART_0718,589.55,13597.67,208.22,3854.26
WALMART_0719,919.71,1305.53,43.49,614.75
WALMART_0720,82.25,10293.06,394.04,3479.46
WALMART_0721,712.55,14487.52,150.02,3930.28
WALMART_0722,332.48,8842.35,222.06,2729.65
WALMART_0723,928.18,14115.51,345.87,4417.68
WALMART_0724,972.51,1731.61,172.9,1074.52
WALMART_0725,947.05,6863.11,37.73,1899.86
WALMART_0726,500.5,4642.21,193.22,1708.43
WALMART_0727,868.94,11231.49,472.78,4075.92
WALMART_0728,852.32,14738.16,324.45,4488.99
WALMART_0729,353.15,4591.42,339.02,2059.32
WALMART_0730,837.47,10158.44,319.82,3406.3
WALMART_0731,85.16,3773.37,107.51,1187.36
WALMART_0732,616.46,8914.62,214.98,2787.01
WALMART_0733,268.51,7495.05,377.96,2823.23
WALMART_0734,164.54,14608.07,59.67,3599.34
WALMART_0735,123.11,9519.38,146.15,2638.47
WALMART_0736,711.47,5893.09,145.4,1915.08
WALMART_0737,372.88,2597.34,221.69,1282.05
WALMART_0738,738.53,3117.46,490.38,2205.49
WALMART_0739,112.09,4154.44,43.08,1107.84
WALMART_0740,349.53,4513.53,264.16,1838.29
WALMART_0741,562.52,12908.62,97.89,3390.14
WALMART_0742,801.19,8857.12,485.63,3543.16
WALMART_0743,352.81,8327.47,65.52,2191.29
WALMART_0744,644.6,2606.76,207.76,1303.69
WALMART_0745,891.68,13041.96,371.56,4229.24
WALMART_0746,635.07,11119.4,355.23,3683.31
WALMART_0747,271.31,1947.36,217.14,1096.99
WALMART_0748,73.18,10909.69,179.8,3042.79
WALMART_0749,876.59,8609.54,204.83,2743.15
WALMART_0750,70.21,2144.15,139.5,890.98
WALMART_0751,880.97,7416.21,110.61,2211.63
WALMART_0752,552.49,7785.75,246.69,2596.17
WALMART_0753,942.11,3320.84,141.58,1353.86
WALMART_0754,808.84,14239.77,150.86,3895.04
WALMART_0755,998.04,12899.66,331.81,4111.1
WALMART_0756,383.18,10366.31,484.58,3804.18
WALMART_0757,778.83,7472.14,305.78,2730.17
WALMART_0758,431.83,6764.72,47.72,1795.71
WALMART_0759,505.88,10113.63,47.04,2589.72
WALMART_0760,646.13,8636.05,476.2,3433.63
WALMART_0761,879.99,1871.82,155.67,1041.24
WALMART_0762,984.88,8175.04,55.11,2260.41
WALMART_0763,779.86,12289.65,303.53,3846.79
WALMART_0764,446.88,7429.36,315.59,2676.98
WALMART_0765,450.29,1727.39,327.77,1382.02
WALMART_0766,750.7,12007.89,141.03,3336.27
WALMART_0767,276.84,3819.09,17.4,994.96
WALMART_0768,154.95,4620.69,482.86,2412.88
WALMART_0769,386.89,3305.89,132.94,1210.46
WALMART_0770,322.88,5623.01,341.25,2299.34
WALMART_0771,331.49,11594.52,356.25,3733.01
WALMART_0772,271.93,8271.4,308.9,2818.37
WALMART_0773,89.99,3868.34,163.32,1361.19
WALMART_0774,66.98,13289.62,142.84,3496.22
WALMART_0775,988.34,13314.15,302.86,4127.47
WALMART_0776,456.38,13188.1,434.39,4341.52
WALMART_0777,415.11,4343.15,473.9,2378.66
WALMART_0778,695.66,7317.35,61.89,2018.13
WALMART_0779,257.34,14789.86,85.87,3731.93
WALMART_0780,952.46,11808.17,472.92,4228.2
WALMART_0781,797.03,1380.34,370.9,1490.43
WALMART_0782,134.94,1912.86,442.67,1669.24
WALMART_0783,446.7,7495.04,109.29,2135.23
WALMART_0784,885.16,13729.08,297.92,4189.14
WALMART_0785,947.5,8541.83,353.56,3143.83
WALMART_0786,494.03,7969.38,343.25,2887.39
WALMART_0787,632.74,2476.63,209.99,1276.9
WALMART_0788,208.68,10194.92,17.54,2466.6
WALMART_0789,991.61,12509.44,295.63,3921.14
WALMART_0790,270.09,6325.88,134.02,1892.5
WALMART_0791,945.6,11858.57,230.62,3584.3
WALMART_0792,667.16,14502.67,479.21,4813.09
WALMART_0793,627.35,3852.73,205.53,1584.36
WALMART_0794,537.05,8326.61,421.5,3190.93
WALMART_0795,269.14,5019.93,102.38,1502.59
WALMART_0796,217.7,12099.96,339.51,3781.68
WALMART_0797,259.46,9086.31,488.73,3491.17
WALMART_0798,227.12,9884.15,59.93,2512.51
WALMART_0799,790.61,12170.8,14.08,3039.84
WALMART_0800,382.62,6543.59,222.46,2205.65
WALMART_0801,104.95,13811.26,55.39,3389.62
WALMART_0802,970.65,8462.4,376.71,3192.69
WALMART_0803,889.6,3211.37,458.13,2172.02
WALMART_0804,931.36,10742.59,222.67,3299.82
WALMART_0805,995.16,12105.66,136.77,3398.88
WALMART_0806,215.2,5434.66,222.86,1913.19
WALMART_0807,426.43,13000.51,364.49,4102.79
WALMART_0808,770.33,13686.01,14.44,3389.6
WALMART_0809,711.22,4876.66,298.83,2092.46
WALMART_0810,196.2,14769.3,310.51,4320.83
WALMART_0811,825.04,2969.96,322.47,1735.93
WALMART_0812,263.22,3828.22,128.59,1294.44
WALMART_0813,262.63,3579.15,359.89,1860.8
WALMART_0814,560.13,13515.86,54.78,3414.73
WALMART_0815,613.29,10160.1,107.64,2786.72
WALMART_0816,601.08,3129.46,439.96,2043.28
WALMART_0817,136.91,7164.53,371.97,2702.41
WALMART_0818,883.59,9614.17,16.74,2470.85
WALMART_0819,302.32,2168.5,131.7,924.34
WALMART_0820,173.04,13353.83,115.06,3458.44
WALMART_0821,894.31,12250.45,142.7,3427.45
WALMART_0822,957.87,8072.89,131.3,2436.65
WALMART_0823,869.02,14539.77,40.64,3679.99
WALMART_0824,819.04,6848.65,234.88,2401.91
WALMART_0825,672.48,14777.54,369.04,4580.8
WALMART_0826,573.31,10350.88,307.3,3361.86
WALMART_0827,132.64,9885.4,339.71,3248.37
WALMART_0828,438.03,3323.37,49.76,1000.68
WALMART_0829,404.05,13346.99,476.23,4480.52
WALMART_0830,296.77,6984.86,420.86,2826.12
WALMART_0831,737.25,3271.27,404.49,2009.15
WALMART_0832,521.08,1176.51,413.26,1499.36
WALMART_0833,126.99,8836.58,467.03,3346.57
WALMART_0834,259.17,8383.59,276.68,2754.84
WALMART_0835,699.1,11070.95,108.14,3018.32
WALMART_0836,122.32,13463.61,312.22,4005.7
WALMART_0837,858.65,2111.69,374.01,1682.17
WALMART_0838,520.39,11240.95,371.58,3731.69
WALMART_0839,506.56,3623.77,265.51,1667.59
WALMART_0840,612.79,13014.48,43.54,3278.62
WALMART_0841,833.45,12466.89,191.85,3597.8
WALMART_0842,380.42,8571.11,461.18,3322.14
WALMART_0843,694.12,10943.4,296.38,3495.8
WALMART_0844,587.45,5400.9,273.78,2120.98
WALMART_0845,303.68,7596.35,141.74,2216.42
WALMART_0846,884.7,12502.92,190.54,3613.43
WALMART_0847,807.55,7429.71,448.72,3112.25
WALMART_0848,675.53,6009.18,336.57,2450.74
WALMART_0849,858.05,7918.97,395.82,3094.02
WALMART_0850,873.93,12595.49,232.63,3746.38
WALMART_0851,722.94,5692.91,318.82,2339.08
WALMART_0852,845.16,3432.66,131.71,1332.91
WALMART_0853,712.6,10968.2,355.68,3665.57
WALMART_0854,696.13,12563.69,219.52,3666.23
WALMART_0855,637.68,2408.92,226.85,1307.69
WALMART_0856,765.08,4358.24,328.17,2062.2
WALMART_0857,200.67,2987.61,468.78,2003.96
WALMART_0858,886.83,5871.18,41.36,1665.89
WALMART_0859,878.25,7304.91,414.12,3004.6
WALMART_0860,77.78,11483.57,153.27,3105.83
WALMART_0861,834.53,10116.07,227.52,3146.6
WALMART_0862,172.43,9693.0,20.74,2350.68
WALMART_0863,368.36,5933.25,157.51,1885.08
WALMART_0864,756.33,12780.27,256.29,3828.62
WALMART_0865,202.72,7598.02,37.53,1914.24
WALMART_0866,827.07,14707.47,250.64,4277.25
WALMART_0867,840.53,9877.99,464.28,3731.64
WALMART_0868,532.09,2767.71,61.64,923.04
WALMART_0869,56.07,10466.49,384.58,3488.83
WALMART_0870,322.69,5551.46,210.74,1930.25
WALMART_0871,636.08,10608.58,331.04,3499.18
WALMART_0872,982.13,1974.98,137.52,1037.72
WALMART_0873,650.22,3448.34,88.15,1178.01
WALMART_0874,296.81,12980.32,88.63,3326.05
WALMART_0875,652.31,4180.51,44.54,1231.3
WALMART_0876,562.99,12718.58,100.97,3354.28
WALMART_0877,790.85,4909.87,335.47,2215.85
WALMART_0878,151.63,10000.35,442.03,3555.4
WALMART_0879,772.98,10718.11,408.92,3763.73
WALMART_0880,564.2,8177.17,345.72,2957.21
WALMART_0881,964.84,5274.35,64.11,1604.64
WALMART_0882,374.78,3977.02,151.7,1414.94
WALMART_0883,650.99,1464.65,161.81,914.86
WALMART_0884,935.43,5255.25,132.48,1778.61
WALMART_0885,147.38,10144.28,262.35,3102.91
WALMART_0886,940.37,14136.27,272.42,4226.76
WALMART_0887,703.49,13196.86,184.87,3721.75
WALMART_0888,114.45,11724.91,183.36,3251.01
WALMART_0889,335.92,12038.26,415.99,3998.63
WALMART_0890,722.76,10309.79,396.75,3625.19
WALMART_0891,113.98,4644.02,160.82,1540.21
WALMART_0892,603.06,13700.73,457.76,4554.86
WALMART_0893,378.59,10390.25,476.88,3788.01
WALMART_0894,639.87,8846.17,170.1,2654.8
WALMART_0895,93.45,2553.85,183.67,1110.58
WALMART_0896,877.96,7258.78,257.76,2571.62
WALMART_0897,974.81,7445.02,471.15,3211.5
WALMART_0898,970.43,13103.89,439.4,4443.38
WALMART_0899,762.17,8653.08,60.26,2338.93
WALMART_0900,173.58,6325.61,202.44,2056.91
WALMART_0901,770.35,14675.2,281.15,4340.2
WALMART_0902,73.36,2550.09,256.53,1302.21
WALMART_0903,71.02,6915.68,104.99,1909.74
WALMART_0904,357.43,1588.35,430.82,1608.36
WALMART_0905,514.21,11358.66,341.7,3677.14
WALMART_0906,781.89,13853.07,420.58,4527.53
WALMART_0907,699.13,4920.52,430.79,2456.43
WALMART_0908,473.61,13016.78,376.69,4149.43
WALMART_0909,309.95,5091.06,225.21,1859.37
WALMART_0910,997.27,13750.78,309.17,4248.12
WALMART_0911,454.87,11555.47,88.58,3027.11
WALMART_0912,478.82,12268.69,340.09,3877.4
WALMART_0913,205.44,1252.09,97.83,599.02
WALMART_0914,805.07,14479.34,350.04,4487.86
WALMART_0915,709.0,11173.39,122.5,3083.04
WALMART_0916,259.73,5266.52,67.6,1464.16
WALMART_0917,128.26,12611.53,90.99,3211.09
WALMART_0918,696.47,4941.3,10.98,1327.23
WALMART_0919,671.79,13218.55,362.18,4198.88
WALMART_0920,309.6,2576.13,368.88,1661.23
WALMART_0921,953.32,10851.6,262.32,3436.88
WALMART_0922,193.5,8569.78,89.07,2277.88
WALMART_0923,460.72,2351.48,50.94,782.18
WALMART_0924,946.44,4386.51,19.37,1273.11
WALMART_0925,448.74,1173.66,91.22,613.99
WALMART_0926,656.6,7562.75,446.52,3105.61
WALMART_0927,427.71,5217.71,128.35,1652.09
WALMART_0928,310.5,9377.0,183.59,2745.74
WALMART_0929,984.78,5161.33,61.62,1575.77
WALMART_0930,438.87,5198.87,118.96,1624.69
WALMART_0931,899.39,11404.7,264.42,3560.1
WALMART_0932,268.46,1674.0,307.8,1277.48
WALMART_0933,252.45,13640.53,130.22,3582.85
WALMART_0934,79.58,12931.69,38.29,3133.18
WALMART_0935,669.08,10349.27,201.61,3096.23
WALMART_0936,400.1,9305.1,124.76,2588.96
WALMART_0937,871.14,13492.23,117.58,3644.09
WALMART_0938,499.55,3594.62,480.33,2239.34
WALMART_0939,969.78,2105.57,311.99,1536.62
WALMART_0940,226.25,4353.14,282.87,1825.54
WALMART_0941,875.19,12124.1,213.73,3585.78
WALMART_0942,787.77,1485.38,220.18,1106.01
WALMART_0943,782.38,9159.3,275.04,3041.02
WALMART_0944,852.54,14936.13,351.25,4607.53
WALMART_0945,772.97,12979.75,354.05,4142.54
WALMART_0946,644.91,8300.24,94.13,2323.54
WALMART_0947,174.68,1890.97,255.06,1165.94
WALMART_0948,80.9,12639.23,211.86,3533.95
WALMART_0949,924.81,9385.7,436.56,3559.79
WALMART_0950,635.82,2609.06,319.4,1603.81
WALMART_0951,806.71,2314.0,270.93,1440.08
WALMART_0952,507.45,13734.78,66.54,3486.43
WALMART_0953,161.44,10368.8,306.76,3278.08
WALMART_0954,168.93,12610.02,67.43,3155.67
WALMART_0955,701.29,13305.7,175.23,3720.62
WALMART_0956,458.79,9004.81,79.99,2410.44
WALMART_0957,240.5,8244.25,349.12,2914.04
WALMART_0958,517.01,7025.98,111.06,2045.49
WALMART_0959,111.0,5437.25,202.01,1835.62
WALMART_0960,602.87,7084.34,448.88,2989.23
WALMART_0961,305.54,11834.32,110.12,3118.88
WALMART_0962,807.68,9426.93,258.82,3064.9
WALMART_0963,344.84,13495.33,215.44,3798.52
WALMART_0964,482.46,7207.32,18.88,1831.6
WALMART_0965,61.04,9499.25,398.45,3301.96
WALMART_0966,118.82,9838.31,43.83,2435.62
WALMART_0967,422.87,9283.76,242.38,2906.34
WALMART_0968,505.94,10836.87,284.73,3400.01
WALMART_0969,620.02,4324.07,317.93,1996.12
WALMART_0970,327.08,8173.09,347.43,2911.08
WALMART_0971,710.23,2459.15,134.1,1084.2
WALMART_0972,867.12,6383.16,14.89,1709.57
WALMART_0973,790.86,7827.34,364.49,2973.97
WALMART_0974,87.64,10131.14,272.47,3114.63
WALMART_0975,506.48,14307.43,419.7,4573.18
WALMART_0976,149.68,9409.11,412.48,3337.45
WALMART_0977,279.94,11410.31,423.23,3860.11
WALMART_0978,987.33,8087.72,247.7,2760.57
WALMART_0979,185.37,9877.46,173.48,2808.77
WALMART_0980,523.94,1993.05,397.86,1648.63
WALMART_0981,637.25,4561.48,231.13,1820.7
WALMART_0982,717.34,6065.94,99.89,1833.71
WALMART_0983,581.67,7614.91,428.94,3054.56
WALMART_0984,59.28,1639.08,442.45,1588.97
WALMART_0985,360.14,2960.34,238.49,1409.31
WALMART_0986,541.83,4875.4,47.09,1376.9
WALMART_0987,133.47,14601.46,200.03,3970.25
WALMART_0988,383.1,5638.86,403.73,2484.38
WALMART_0989,81.54,7748.57,451.87,3042.59
WALMART_0990,124.65,3745.37,109.7,1195.04
WALMART_0991,427.08,9550.92,42.82,2430.67
WALMART_0992,176.08,4929.57,439.9,2373.3
WALMART_0993,589.16,3897.9,200.81,1574.12
WALMART_0994,704.99,8232.02,275.46,2809.85
WALMART_0995,810.56,1077.08,484.35,1728.92
WALMART_0996,240.14,1107.3,42.62,423.5
WALMART_0997,209.11,4066.96,327.68,1876.25
WALMART_0998,149.34,1514.1,46.31,509.18
WALMART_0999,654.61,2512.36,193.98,1246.59
WALMART_1000,721.15,5744.05,403.87,2580.25
